{
    "total_runtime": 14.979204654693604,
    "num_documents": 1,
    "input_load_time": 0,
    "workflows": {
        "create_base_text_units": {
            "overall": 1.5143396854400635,
            "0_orderby": 0.003329753875732422,
            "1_zip": 0.0015676021575927734,
            "2_aggregate_override": 0.0066072940826416016,
            "3_chunk": 1.4748077392578125,
            "4_select": 0.009809255599975586,
            "5_unroll": 0.007250785827636719,
            "6_rename": 0.001219034194946289,
            "7_genid": 0.0018553733825683594,
            "8_unzip": 0.0014123916625976562,
            "9_copy": 0.0007352828979492188,
            "10_filter": 0.005372285842895508
        },
        "create_base_extracted_entities": {
            "overall": 0.43245840072631836,
            "0_entity_extract": 0.4261462688446045,
            "1_merge_graphs": 0.006087303161621094
        },
        "create_final_covariates": {
            "overall": 12.319714307785034,
            "0_extract_covariates": 12.307035446166992,
            "1_window": 0.0050089359283447266,
            "2_genid": 0.0017940998077392578,
            "3_convert": 0.002209186553955078,
            "4_rename": 0.0016493797302246094,
            "5_select": 0.0015294551849365234
        },
        "create_summarized_entities": {
            "overall": 0.003657102584838867,
            "0_summarize_descriptions": 0.003479480743408203
        },
        "join_text_units_to_covariate_ids": {
            "overall": 0.0053136348724365234,
            "0_select": 0.0009570121765136719,
            "1_aggregate_override": 0.004190206527709961
        }
    }
}