{
    "total_runtime": 1091.7500085830688,
    "num_documents": 2,
    "input_load_time": 0,
    "workflows": {
        "create_base_text_units": {
            "overall": 0.28862643241882324,
            "0_orderby": 0.0013434886932373047,
            "1_zip": 0.001027822494506836,
            "2_aggregate_override": 0.0022885799407958984,
            "3_chunk": 0.22706007957458496,
            "4_select": 0.005554914474487305,
            "5_unroll": 0.011688709259033203,
            "6_rename": 0.0021288394927978516,
            "7_genid": 0.01153564453125,
            "8_unzip": 0.0031020641326904297,
            "9_copy": 0.0011663436889648438,
            "10_filter": 0.021424293518066406
        },
        "create_base_extracted_entities": {
            "overall": 489.9729483127594,
            "0_entity_extract": 487.1148991584778,
            "1_merge_graphs": 2.857651948928833
        },
        "create_summarized_entities": {
            "overall": 120.24410796165466,
            "0_summarize_descriptions": 120.24374771118164
        },
        "create_base_entity_graph": {
            "overall": 1.1743650436401367,
            "0_cluster_graph": 1.1727426052093506,
            "1_select": 0.0013468265533447266
        },
        "create_final_entities": {
            "overall": 7.606265306472778,
            "0_unpack_graph": 0.4595029354095459,
            "1_rename": 0.0016202926635742188,
            "2_select": 0.001383066177368164,
            "3_dedupe": 0.0021173954010009766,
            "4_rename": 0.0009002685546875,
            "5_filter": 0.01284027099609375,
            "6_text_split": 0.01642298698425293,
            "7_drop": 0.0012993812561035156,
            "8_merge": 0.14993739128112793,
            "9_text_embed": 6.9414308071136475,
            "10_drop": 0.0029163360595703125,
            "11_filter": 0.01544642448425293
        },
        "create_final_nodes": {
            "overall": 3.364548921585083,
            "0_layout_graph": 2.0134177207946777,
            "1_unpack_graph": 0.6817982196807861,
            "2_unpack_graph": 0.601647138595581,
            "3_filter": 0.042465925216674805,
            "4_drop": 0.002002716064453125,
            "5_select": 0.0010974407196044922,
            "6_rename": 0.0007424354553222656,
            "7_join": 0.012015819549560547,
            "8_convert": 0.006776094436645508,
            "9_rename": 0.002156972885131836
        },
        "create_final_communities": {
            "overall": 1.9512670040130615,
            "0_unpack_graph": 0.4899599552154541,
            "1_unpack_graph": 0.5878391265869141,
            "2_aggregate_override": 0.005470991134643555,
            "3_join": 0.04045391082763672,
            "4_join": 0.08397698402404785,
            "5_concat": 0.0049135684967041016,
            "6_filter": 0.6556661128997803,
            "7_aggregate_override": 0.034836530685424805,
            "8_join": 0.004527568817138672,
            "9_filter": 0.007395505905151367,
            "10_fill": 0.001211404800415039,
            "11_merge": 0.030326128005981445,
            "12_copy": 0.0013167858123779297,
            "13_select": 0.0012764930725097656
        },
        "join_text_units_to_entity_ids": {
            "overall": 0.02488541603088379,
            "0_select": 0.0013422966003417969,
            "1_unroll": 0.004243135452270508,
            "2_aggregate_override": 0.01908588409423828
        },
        "create_final_relationships": {
            "overall": 0.6825509071350098,
            "0_unpack_graph": 0.5229365825653076,
            "1_filter": 0.03748822212219238,
            "2_rename": 0.0013554096221923828,
            "3_filter": 0.08600664138793945,
            "4_drop": 0.004514217376708984,
            "5_compute_edge_combined_degree": 0.020696640014648438,
            "6_convert": 0.0032961368560791016,
            "7_convert": 0.005479335784912109
        },
        "join_text_units_to_relationship_ids": {
            "overall": 0.016137123107910156,
            "0_select": 0.001220703125,
            "1_unroll": 0.002779245376586914,
            "2_aggregate_override": 0.010681629180908203,
            "3_select": 0.0012369155883789062
        },
        "create_final_community_reports": {
            "overall": 458.3249161243439,
            "0_prepare_community_reports_nodes": 0.10955929756164551,
            "1_prepare_community_reports_edges": 0.038617849349975586,
            "2_restore_community_hierarchy": 0.029061317443847656,
            "3_prepare_community_reports": 0.8344576358795166,
            "4_create_community_reports": 457.29953956604004,
            "5_window": 0.007977962493896484
        },
        "create_final_text_units": {
            "overall": 0.013628482818603516,
            "0_select": 0.0009698867797851562,
            "1_rename": 0.0006964206695556641,
            "2_join": 0.004541873931884766,
            "3_join": 0.0034265518188476562,
            "4_aggregate_override": 0.0029277801513671875,
            "5_select": 0.0008528232574462891
        },
        "create_base_documents": {
            "overall": 0.015173196792602539,
            "0_unroll": 0.0019986629486083984,
            "1_select": 0.00083160400390625,
            "2_rename": 0.0006964206695556641,
            "3_join": 0.0032503604888916016,
            "4_aggregate_override": 0.0018918514251708984,
            "5_join": 0.0034546852111816406,
            "6_rename": 0.0008063316345214844,
            "7_convert": 0.0020101070404052734
        },
        "create_final_documents": {
            "overall": 0.0009822845458984375,
            "0_rename": 0.0008258819580078125
        }
    }
}